<?xml version="1.0" encoding="UTF-8"?>
<beans xmlns="http://www.springframework.org/schema/beans"
       xmlns:xsi="http://www.w3.org/2001/XMLSchema-instance" xmlns:aop="http://www.springframework.org/schema/aop"
       xsi:schemaLocation="http://www.springframework.org/schema/beans
       http://www.springframework.org/schema/beans/spring-beans.xsd http://www.springframework.org/schema/aop http://www.springframework.org/schema/aop/spring-aop.xsd">

    <bean id="student" class="com.rivuchk.reactivekotlin.springdi.aop_student_assignment.Student">
        <constructor-arg ref="assignment"/>
    </bean>

    <bean id="assignment" class="com.rivuchk.reactivekotlin.springdi.aop_student_assignment.Assignment" />

    <bean id="faculty" class="com.rivuchk.reactivekotlin.springdi.aop_student_assignment.Faculty" /><!--1-->

    <aop:config><!--2-->
        <aop:aspect ref="faculty"><!--3-->
            <aop:pointcut
                    id="assignment_complete"
                    expression="execution(* *.completeAssignment(..))"/><!--4-->

            <aop:after
                    pointcut-ref="assignment_complete"
                    method="evaluateAssignment" /><!--5-->
        </aop:aspect>
    </aop:config>

</beans>