<assembly
	xmlns="http://maven.apache.org/plugins/maven-assembly-plugin/assembly/1.1.3"
	xmlns:xsi="http://www.w3.org/2001/XMLSchema-instance"
	xsi:schemaLocation="http://maven.apache.org/plugins/maven-assembly-plugin/assembly/1.1.3 http://maven.apache.org/xsd/assembly-1.1.3.xsd">
	<id>azure</id>
	<formats>
		<format>zip</format>
	</formats>
	<baseDirectory></baseDirectory>
	<fileSets>
		<fileSet>
			<directory>${project.build.directory}/azure-functions/${functionAppName}</directory>
			<outputDirectory></outputDirectory>
			<includes>
				<include>*-azure.jar</include>
				<include>**/*.json</include>
			</includes>
		</fileSet>
	</fileSets>
</assembly>